run,mode,busy,count,repeat,phaseAtStart,phaseAtEnd,navigationMs,firstFrameMs,commitMaxMs,navigationHeartbeatMaxMs,navigationRenderMaxMs,scrollHeartbeatMaxMs,scrollRenderP95Ms,scrollRenderMaxMs,entryCount,visibleRows
baseline,List,False,1000,0,Ready,Ready,153.3572,264.2252,0.4209,67.1835,42.3782,80.8216,64.8995,64.8995,1000,19
baseline,List,False,1000,1,Ready,Ready,42.4012,44.7547,0.4355,78.9934,0.2751,51.4085,0.1756,0.189,1000,20
baseline,List,False,1000,2,Ready,Ready,26.7832,27.0034,0.3237,17.4085,0.1216,63.6204,0.1702,0.5314,1000,20
baseline,List,False,10000,0,Ready,Ready,653.3871,666.4386,6.1381,553.3629,12.979,135.8099,23.0718,23.0718,10000,19
baseline,List,False,10000,1,Ready,Ready,108.0134,108.1269,1.6178,66.2411,0.0649,76.5277,0.2642,0.3886,10000,20
baseline,List,False,10000,2,Ready,Ready,60.3721,60.4912,2.6709,24.2757,0.0589,77.0521,0.0795,0.1858,10000,20
baseline,List,False,100000,0,Ready,Ready,6083.7018,6093.151,28.5783,5713.3297,5.0961,68.1092,21.2464,21.2464,100000,19
baseline,List,False,100000,1,Ready,Ready,541.9967,542.0735,21.7835,198.5776,0.04,46.7532,0.136,0.1851,100000,20
baseline,List,False,100000,2,Ready,Ready,569.7062,569.8016,22.0215,245.7234,0.0422,57.6499,0.1358,0.814,100000,20
baseline,List,True,1000,0,Building,Building,15.7456,15.8472,0.2429,17.2411,0.0637,30.6311,0.5906,0.7745,1000,20
baseline,List,True,1000,1,Building,Ready,200.3305,200.4119,0.2377,200.3575,0.0466,23.8077,0.0584,0.1612,1000,19
baseline,List,True,1000,2,Ready,Ready,25.4195,28.2955,0.2784,31.2488,0.0338,16.7128,0.0829,0.279,1000,20
baseline,List,True,10000,0,Building,Building,101.6753,104.3026,1.0296,45.3005,2.5714,48.427,0.1962,0.5457,10000,20
baseline,List,True,10000,1,Building,Building,109.4231,109.507,2.4826,29.0238,0.0438,35.2258,0.1581,0.4711,10000,20
baseline,List,True,10000,2,Building,Ready,149.4045,163.758,2.5325,36.7375,0.0617,16.7367,0.0602,0.1696,10000,20
baseline,List,True,100000,0,Building,Building,383.1555,388.2681,23.6625,44.5005,0.0777,19.7586,0.0613,0.084,100000,20
baseline,List,True,100000,1,Building,Ready,557.4525,557.5355,22.3066,201.7584,0.0362,16.9606,0.0477,0.0519,100000,20
baseline,List,True,100000,2,Ready,Ready,417.2965,417.3869,19.3292,142.4735,0.0438,16.7547,0.064,0.065,100000,20
baseline,Grid,False,1000,0,Ready,Ready,340.0808,375.559,309.3105,313.7828,12.7477,108.5535,71.7263,71.7263,1000,40
baseline,Grid,False,1000,1,Ready,Ready,149.9266,152.4263,130.0318,136.29,0.0719,80.2322,0.3426,0.4375,1000,40
baseline,Grid,False,1000,2,Ready,Ready,43.0378,54.73,0.3464,37.5084,0.058,32.0584,0.1467,0.1577,1000,40
baseline,Grid,False,10000,0,Ready,Ready,2752.9868,2772.6756,2688.213,2700.8405,19.6089,109.482,88.0565,88.0565,10000,40
baseline,Grid,False,10000,1,Ready,Ready,3216.0222,3216.1643,3149.0935,3161.1051,0.0547,44.9403,0.244,0.25,10000,40
baseline,Grid,False,10000,2,Ready,Ready,3080.0384,3086.0257,3011.6526,3017.8361,0.1062,38.7233,0.2213,0.2553,10000,40
baseline,Grid,False,100000,0,Ready,Ready,30315.3016,30335.6152,29843.0192,29846.7374,20.2048,111.183,90.7234,90.7234,100000,40
baseline,Grid,False,100000,1,Ready,Ready,30998.9399,30999.0945,30514.648,30520.232,0.069,61.2375,0.2567,0.2841,100000,40
baseline,Grid,False,100000,2,Ready,Ready,31662.6742,31662.8321,31198.0096,31203.5627,0.0711,83.4725,0.2804,0.3457,100000,40
baseline,Grid,True,1000,0,Building,Building,336.0127,348.543,315.5767,316.7701,0.0872,52.4085,0.0948,0.104,1000,40
baseline,Grid,True,1000,1,Building,Ready,380.6115,403.2627,362.7056,366.2307,0.0767,39.1993,0.1567,0.1649,1000,40
baseline,Grid,True,1000,2,Ready,Ready,26.1448,29.8414,0.5042,21.821,0.1817,32.684,0.1054,0.1104,1000,40
baseline,Grid,True,10000,0,Building,Ready,3149.8354,3149.9989,3086.6237,3098.1952,0.089,44.1662,0.268,3.7045,10000,40
baseline,Grid,True,10000,1,Ready,Ready,3247.8805,3256.0951,3198.8912,3199.0491,0.0657,17.1172,0.1421,0.1896,10000,40
baseline,Grid,True,10000,2,Ready,Ready,3201.1903,3215.7985,3144.208,3146.7696,0.0646,16.8435,0.1412,0.1739,10000,40
baseline,Grid,True,100000,0,Building,Ready,33823.0919,33823.4034,33297.0319,33299.8966,0.1173,83.7455,0.2353,1.682,100000,40
baseline,Grid,True,100000,1,Ready,Ready,34284.9956,34285.2541,33807.159,33809.6316,0.0699,17.064,0.1545,0.2154,100000,40
baseline,Grid,True,100000,2,Ready,Ready,46167.2372,46167.6495,45691.5363,45700.572,0.0789,17.0551,0.1574,0.1586,100000,40
baseline,Tree,False,1000,0,Ready,Ready,13.378,27.61,0.296,17.5142,3.5155,20.4844,2.1645,6.7402,1000,20
baseline,Tree,False,1000,1,Ready,Ready,17.7541,17.9092,0.372,17.7935,0.0574,17.0799,0.109,0.1157,1000,20
baseline,Tree,False,1000,2,Ready,Ready,27.3601,39.4659,0.3128,16.6799,0.0457,17.3166,0.1114,0.1637,1000,20
baseline,Tree,False,10000,0,Ready,Ready,58.8345,61.795,1.3516,27,2.9146,38.4487,0.9765,5.7927,10000,20
baseline,Tree,False,10000,1,Ready,Ready,80.9063,81.0149,1.6704,31.0742,0.0525,28.2209,0.2898,2.0307,10000,20
baseline,Tree,False,10000,2,Ready,Ready,62.6452,62.7374,1.3612,20.2195,0.0512,23.0095,0.1052,0.1455,10000,20
baseline,Tree,False,100000,0,Ready,Ready,513.7424,518.1061,22.1395,202.0389,4.3168,17.3932,1.569,2.0145,100000,20
baseline,Tree,False,100000,1,Ready,Ready,570.8811,570.9514,27.6456,200.8767,0.0402,17.1131,0.1295,0.2049,100000,20
baseline,Tree,False,100000,2,Ready,Ready,483.3809,483.481,24.7488,174.502,0.0524,17.0778,0.0914,0.0954,100000,20
baseline,Tree,True,1000,0,Building,Building,16.649,26.3258,0.3231,17.0538,0.0594,19.8404,0.061,0.0995,1000,20
baseline,Tree,True,1000,1,Building,Building,34.8829,36.7922,0.3232,33.5337,0.0503,18.0515,0.07,0.0778,1000,20
baseline,Tree,True,1000,2,Building,Building,19.7982,26.0631,0.3782,17.1426,0.0624,17.2272,0.1186,4.4199,1000,20
baseline,Tree,True,10000,0,Building,Building,154.3315,154.5882,2.8245,70.3808,0.1545,162.2681,0.1453,0.31,10000,20
baseline,Tree,True,10000,1,Building,Building,178.7545,178.903,14.5402,63.523,0.087,125.6517,0.2888,1.2117,10000,20
baseline,Tree,True,10000,2,Building,Building,116.7397,116.8656,2.6599,49.6532,0.0737,68.5155,0.114,0.2397,10000,20
baseline,Tree,True,100000,0,Building,Building,535.8887,535.9994,38.9847,48.9985,0.0748,22.2677,0.0847,0.1209,100000,20
baseline,Tree,True,100000,1,Building,Building,1686.4614,1686.645,64.818,603.0252,0.1096,17.5048,0.1539,1.2202,100000,19
baseline,Tree,True,100000,2,Building,Ready,1459.2076,1459.3912,44.8131,470.5987,0.1027,17.0783,0.1185,0.1255,100000,20
fixed,List,False,1000,0,Ready,Ready,130.6672,185.5838,0.422,72.2462,33.5091,38.2371,17.2939,21.1122,1000,20
fixed,List,False,1000,1,Ready,Ready,25.1751,36.3888,0.2615,45.3718,0.13,17.0629,0.1638,0.1644,1000,20
fixed,List,False,1000,2,Ready,Ready,19.1842,34.7577,0.2737,16.4007,0.0687,16.9105,0.092,0.1047,1000,19
fixed,List,False,10000,0,Ready,Ready,73.788,92.3669,4.5538,26.6985,11.9544,40.1243,20.0622,20.0622,10000,19
fixed,List,False,10000,1,Ready,Ready,53.8497,69.7095,1.0328,24.2218,0.0717,37.7679,0.2297,0.2871,10000,20
fixed,List,False,10000,2,Ready,Ready,49.1067,64.2557,1.1266,38.1484,0.0521,17.0772,0.065,0.1095,10000,20
fixed,List,False,100000,0,Ready,Ready,359.6077,365.1199,22.5297,55.5736,5.4791,53.4124,1.5582,1.5582,100000,19
fixed,List,False,100000,1,Ready,Ready,290.725,291.9211,23.637,41.8666,0.0461,40.4054,0.1263,0.1408,100000,20
fixed,List,False,100000,2,Ready,Ready,303.2582,303.3412,19.7622,28.9335,0.0516,25.1639,0.057,0.1417,100000,20
fixed,List,True,1000,0,Building,Building,10.1709,16.2301,0.2032,16.2957,0.0582,17.7826,0.0709,0.7951,1000,20
fixed,List,True,1000,1,Building,Ready,20.6934,29.4783,0.2286,18.3266,0.0482,16.8507,0.0534,0.054,1000,20
fixed,List,True,1000,2,Ready,Ready,8.902,19.8032,0.1932,16.9577,0.0494,16.8062,0.0586,0.0599,1000,20
fixed,List,True,10000,0,Building,Building,46.8762,60.5137,1.5059,24.3268,0.048,25.4242,0.0728,0.0843,10000,20
fixed,List,True,10000,1,Building,Ready,52.2456,59.6627,0.8643,17.8516,0.0435,16.9821,0.056,0.1677,10000,20
fixed,List,True,10000,2,Ready,Ready,46.338,52.7615,0.9335,16.4402,0.0443,16.6861,0.0855,0.1101,10000,20
fixed,List,True,100000,0,Building,Building,333.4437,336.6131,23.8992,46.57,0.0525,16.9587,0.05,0.0774,100000,20
fixed,List,True,100000,1,Building,Building,311.9286,326.8781,20.624,34.136,0.0397,16.9817,0.05,0.0507,100000,20
fixed,List,True,100000,2,Building,Building,406.901,418.6761,23.2039,37.2917,0.0444,16.6667,0.0387,0.0427,100000,20
fixed,Grid,False,1000,0,Ready,Ready,11.7995,30.6982,3.547,65.2774,12.7369,49.0751,31.2076,31.2076,1000,40
fixed,Grid,False,1000,1,Ready,Ready,19.8474,29.4787,0.8,16.6609,0.0497,38.2129,0.2317,0.3102,1000,40
fixed,Grid,False,1000,2,Ready,Ready,42.4977,51.6798,0.7521,40.3273,0.0592,53.4964,0.1816,0.1951,1000,40
fixed,Grid,False,10000,0,Ready,Ready,34.041,48.4635,1.3082,44.6715,13.2047,61.2002,32.436,32.436,10000,40
fixed,Grid,False,10000,1,Ready,Ready,43.0597,56.0373,1.429,40.0316,0.1031,40.168,0.3501,0.3893,10000,40
fixed,Grid,False,10000,2,Ready,Ready,44.6711,56.0528,1.2985,17.989,5.6764,23.581,0.366,2.3453,10000,40
fixed,Grid,False,100000,0,Ready,Ready,311.0154,337.4654,26.5137,44.3787,6.7996,43.8235,17.2902,17.2902,100000,40
fixed,Grid,False,100000,1,Ready,Ready,306.3625,329.895,22.0415,39.5522,0.1102,50.2655,0.3702,0.3927,100000,40
fixed,Grid,False,100000,2,Ready,Ready,331.0522,345.2781,21.534,26.0087,0.1,49.93,0.1644,0.4437,100000,40
fixed,Grid,True,1000,0,Building,Building,15.3416,21.4633,0.6926,16.6278,0.1027,23.5564,0.1012,0.5992,1000,40
fixed,Grid,True,1000,1,Building,Building,16.8265,24.0545,0.641,17.5633,0.1192,18.3105,0.0797,0.0859,1000,40
fixed,Grid,True,1000,2,Building,Ready,10.526,16.0705,0.6785,35.8515,0.09,17.0136,0.1023,0.1037,1000,40
fixed,Grid,True,10000,0,Building,Building,61.6398,76.3466,1.8956,16.8989,0.1386,21.2703,0.136,0.1459,10000,40
fixed,Grid,True,10000,1,Building,Ready,42.9532,56.1049,1.7058,16.457,0.1207,17.3105,0.0806,0.0825,10000,40
fixed,Grid,True,10000,2,Ready,Ready,55.6279,64.9135,1.8667,16.3205,0.1546,31.9195,0.155,0.2154,10000,40
fixed,Grid,True,100000,0,Building,Building,358.9827,359.3675,23.0186,29.2967,0.1162,16.8804,0.0913,0.1004,100000,40
fixed,Grid,True,100000,1,Building,Ready,319.885,320.5425,21.7664,21.7925,0.0575,22.4534,0.0979,0.1415,100000,40
fixed,Grid,True,100000,2,Ready,Ready,317.0935,338.7677,21.6564,34.1208,0.0749,17.087,0.1055,0.1094,100000,40
fixed,Tree,False,1000,0,Ready,Ready,9.5239,18.7457,0.2509,16.4577,3.2886,17.8746,1.0707,5.759,1000,20
fixed,Tree,False,1000,1,Ready,Ready,10.2023,22.1402,0.4919,16.487,0.0512,22.1256,0.1255,0.157,1000,19
fixed,Tree,False,1000,2,Ready,Ready,17.5301,25.241,0.4499,16.6264,0.0405,16.8163,0.0651,0.0673,1000,20
fixed,Tree,False,10000,0,Ready,Ready,47.696,71.1407,1.6968,16.8887,3.5784,16.6301,0.8939,1.4757,10000,20
fixed,Tree,False,10000,1,Ready,Ready,37.9497,46.8365,2.283,16.6476,0.0543,16.7267,0.105,0.1565,10000,20
fixed,Tree,False,10000,2,Ready,Ready,58.5911,67.8248,1.7763,19.0738,0.059,17.0414,0.0961,0.1174,10000,20
fixed,Tree,False,100000,0,Ready,Ready,318.3789,325.2495,21.1656,28.9816,6.7732,16.6835,0.9642,1.1895,100000,20
fixed,Tree,False,100000,1,Ready,Ready,310.974,322.7177,20.9375,33.285,0.0507,16.6318,0.0944,0.1198,100000,20
fixed,Tree,False,100000,2,Ready,Ready,341.0066,358.513,23.8775,31.4462,0.0647,17.022,0.0872,0.1155,100000,20
fixed,Tree,True,1000,0,Building,Building,10.6176,23.3735,0.2808,16.791,0.063,16.6069,0.0814,0.0951,1000,20
fixed,Tree,True,1000,1,Building,Ready,9.3785,14.2834,0.2539,16.3058,0.0339,16.9251,0.0494,0.0651,1000,20
fixed,Tree,True,1000,2,Ready,Ready,8.523,49.0386,0.2466,36.0769,0.0292,17.0041,0.1054,0.1334,1000,20
fixed,Tree,True,10000,0,Building,Building,48.1417,61.5995,2.0532,19.2925,0.0637,17.568,0.0659,0.1055,10000,20
fixed,Tree,True,10000,1,Building,Ready,44.4087,50.4631,1.0392,16.4414,0.0362,16.8247,0.0436,0.0474,10000,20
fixed,Tree,True,10000,2,Ready,Ready,37.7337,62.1532,1.4712,23.321,0.0363,17.1017,0.09,0.1085,10000,20
fixed,Tree,True,100000,0,Building,Building,348.6924,365.0783,24.0643,24.8773,0.0386,16.8257,0.0505,0.0526,100000,20
fixed,Tree,True,100000,1,Building,Ready,317.9482,334.5638,25.0488,31.69,0.0397,16.6596,0.065,0.0669,100000,19
fixed,Tree,True,100000,2,Ready,Ready,285.3931,291.5795,21.3755,27.3515,0.0357,26.1092,0.1202,0.1226,100000,20
