run,mode,thumbnails,pixels,pass,samples,fontFamily,resolvedFont,renderP50,renderP95,renderMax,uiP95,uiMax,frameP95,frameMax,framesOver25ms,framesOver50ms,entries,offset,visible,cachedTexts,glassCaptures,glassPublishes,glassCopyBytes,glassFilterMisses
font-before,List,False,3.5,0,69,"System Font, PingFang SC, Segoe UI, Helvetica Neue, Arial, sans-serif",PingFang SC,0.2233,1.8043,1.9472,8.8774,9.2096,26.9277,28.868,15,0,10000,420,20,33,,,,
font-before,List,False,3.5,1,72,"System Font, PingFang SC, Segoe UI, Helvetica Neue, Arial, sans-serif",PingFang SC,0.2542,0.31,0.4034,8.9585,10.3556,27.1035,31.0465,26,0,10000,420,19,33,,,,
font-before,List,False,120,0,74,"System Font, PingFang SC, Segoe UI, Helvetica Neue, Arial, sans-serif",PingFang SC,6.7256,10.4699,19.8744,18.1571,23.9379,26.2463,42.6399,10,0,10000,14400,19,499,,,,
font-before,List,False,120,1,59,"System Font, PingFang SC, Segoe UI, Helvetica Neue, Arial, sans-serif",PingFang SC,0.0762,0.1514,0.1781,8.8583,9.4538,30.8367,35.4724,25,0,10000,14400,19,499,,,,
font-before,List,False,600,0,91,"System Font, PingFang SC, Segoe UI, Helvetica Neue, Arial, sans-serif",PingFang SC,10.9556,13.2182,19.8214,19.4097,23.9654,26.9287,33.3417,10,0,10000,72000,19,1024,,,,
font-before,List,False,600,1,97,"System Font, PingFang SC, Segoe UI, Helvetica Neue, Arial, sans-serif",PingFang SC,11.6382,12.8348,15.3022,19.3478,21.3438,25.9514,33.3839,11,0,10000,72000,19,1024,,,,
font-before,List,True,3.5,0,54,"System Font, PingFang SC, Segoe UI, Helvetica Neue, Arial, sans-serif",PingFang SC,0.1392,1.4958,47.4408,52.7663,108.5882,83.4953,301.5221,31,15,10000,420,19,1024,,,,
font-before,List,True,3.5,1,68,"System Font, PingFang SC, Segoe UI, Helvetica Neue, Arial, sans-serif",PingFang SC,0.0711,0.1043,1.7534,8.8584,9.0989,25.5383,29.641,6,0,10000,420,19,1024,,,,
font-before,List,True,120,0,71,"System Font, PingFang SC, Segoe UI, Helvetica Neue, Arial, sans-serif",PingFang SC,3.4105,5.3725,6.7817,9.6685,12.7959,21.0489,27.115,2,0,10000,14400,19,1024,,,,
font-before,List,True,120,1,69,"System Font, PingFang SC, Segoe UI, Helvetica Neue, Arial, sans-serif",PingFang SC,0.0499,0.0713,0.1214,8.8519,9.1742,26.4268,30.5742,6,0,10000,14400,19,1024,,,,
font-before,List,True,600,0,106,"System Font, PingFang SC, Segoe UI, Helvetica Neue, Arial, sans-serif",PingFang SC,10.6567,12.9227,13.4879,19.0118,21.1511,18.7419,25.7211,1,0,10000,72000,19,1024,,,,
font-before,List,True,600,1,101,"System Font, PingFang SC, Segoe UI, Helvetica Neue, Arial, sans-serif",PingFang SC,12.0747,14.5067,17.6798,21.555,23.1132,33.2875,33.4768,15,0,10000,72000,19,1024,,,,
font-before,Grid,False,3.5,0,68,"System Font, PingFang SC, Segoe UI, Helvetica Neue, Arial, sans-serif",PingFang SC,0.0867,0.206,9.2385,9.0209,14.0702,27.7369,28.7602,19,0,10000,420,48,64,,,,
font-before,Grid,False,3.5,1,64,"System Font, PingFang SC, Segoe UI, Helvetica Neue, Arial, sans-serif",PingFang SC,0.0991,0.2281,2.4286,8.8967,9.1367,28.1315,35.124,14,0,10000,420,40,64,,,,
font-before,Grid,False,120,0,78,"System Font, PingFang SC, Segoe UI, Helvetica Neue, Arial, sans-serif",PingFang SC,5.4507,10.7866,24.693,14.5008,24.898,18.7061,49.2092,1,0,10000,14400,40,856,,,,
font-before,Grid,False,120,1,62,"System Font, PingFang SC, Segoe UI, Helvetica Neue, Arial, sans-serif",PingFang SC,0.1004,0.2052,0.2183,8.905,9.1815,32.0264,37.1065,17,0,10000,14400,40,864,,,,
font-before,Grid,False,600,0,67,"System Font, PingFang SC, Segoe UI, Helvetica Neue, Arial, sans-serif",PingFang SC,18.6282,22.8272,32.1288,27.8,40.0497,34.5006,35.3657,48,0,10000,72000,40,1024,,,,
font-before,Grid,False,600,1,65,"System Font, PingFang SC, Segoe UI, Helvetica Neue, Arial, sans-serif",PingFang SC,18.9597,23.1067,23.4474,27.8502,32.4707,35.0834,35.3174,59,0,10000,72000,40,1024,,,,
font-before,Grid,True,3.5,0,61,"System Font, PingFang SC, Segoe UI, Helvetica Neue, Arial, sans-serif",PingFang SC,0.0717,0.395,9.5967,57.7214,92.5039,114.2536,245.7762,27,12,10000,420,40,1024,,,,
font-before,Grid,True,3.5,1,45,"System Font, PingFang SC, Segoe UI, Helvetica Neue, Arial, sans-serif",PingFang SC,0.1375,0.221,0.2342,8.9268,9.3952,47.156,52.8998,24,2,10000,420,48,1024,,,,
font-before,Grid,True,120,0,83,"System Font, PingFang SC, Segoe UI, Helvetica Neue, Arial, sans-serif",PingFang SC,5.5211,11.8037,15.3997,14.5621,19.5055,18.7114,23.2494,0,0,10000,14400,40,1024,,,,
font-before,Grid,True,120,1,69,"System Font, PingFang SC, Segoe UI, Helvetica Neue, Arial, sans-serif",PingFang SC,0.1147,0.2571,0.2807,8.9222,9.189,26.2051,28.0882,8,0,10000,14400,48,1024,,,,
font-before,Grid,True,600,0,68,"System Font, PingFang SC, Segoe UI, Helvetica Neue, Arial, sans-serif",PingFang SC,18.7284,22.7264,31.9544,28.5146,39.3424,34.1355,35.3736,48,0,10000,72000,40,1024,,,,
font-before,Grid,True,600,1,65,"System Font, PingFang SC, Segoe UI, Helvetica Neue, Arial, sans-serif",PingFang SC,19.0552,24.8231,33.5093,28.8155,35.057,34.5105,49.9996,57,0,10000,72000,40,1024,,,,
font-before,Tree,False,3.5,0,61,"System Font, PingFang SC, Segoe UI, Helvetica Neue, Arial, sans-serif",PingFang SC,0.088,1.2021,3.2885,8.8886,9.5003,29.8331,38.1259,21,0,10000,420,19,33,,,,
font-before,Tree,False,3.5,1,60,"System Font, PingFang SC, Segoe UI, Helvetica Neue, Arial, sans-serif",PingFang SC,0.064,0.1356,0.2071,8.8788,9.0062,27.5683,30.2058,19,0,10000,420,19,33,,,,
font-before,Tree,False,120,0,73,"System Font, PingFang SC, Segoe UI, Helvetica Neue, Arial, sans-serif",PingFang SC,3.6261,5.8204,7.0638,10.1547,28.2591,18.7105,33.1687,2,0,10000,14400,19,499,,,,
font-before,Tree,False,120,1,66,"System Font, PingFang SC, Segoe UI, Helvetica Neue, Arial, sans-serif",PingFang SC,0.0646,0.1437,0.173,8.8725,9.0533,27.786,30.6414,14,0,10000,14400,19,499,,,,
font-before,Tree,False,600,0,83,"System Font, PingFang SC, Segoe UI, Helvetica Neue, Arial, sans-serif",PingFang SC,7.4352,9.3495,12.1894,15.3501,19.3699,25.2963,27.0547,5,0,10000,72000,19,1024,,,,
font-before,Tree,False,600,1,89,"System Font, PingFang SC, Segoe UI, Helvetica Neue, Arial, sans-serif",PingFang SC,7.337,9.4118,11.8796,14.1053,19.3844,18.7212,27.7018,1,0,10000,72000,19,1024,,,,
font-before,Tree,True,3.5,0,62,"System Font, PingFang SC, Segoe UI, Helvetica Neue, Arial, sans-serif",PingFang SC,0.0757,1.2215,4.0928,8.8855,11.7483,28.3876,44.6418,18,0,10000,420,19,1024,,,,
font-before,Tree,True,3.5,1,63,"System Font, PingFang SC, Segoe UI, Helvetica Neue, Arial, sans-serif",PingFang SC,0.0784,0.1076,0.1713,8.8526,9.0508,28.4868,28.7102,19,0,10000,420,19,1024,,,,
font-before,Tree,True,120,0,71,"System Font, PingFang SC, Segoe UI, Helvetica Neue, Arial, sans-serif",PingFang SC,3.699,5.9741,26.8252,10.9157,33.8204,18.6292,37.358,2,0,10000,14400,19,1024,,,,
font-before,Tree,True,120,1,59,"System Font, PingFang SC, Segoe UI, Helvetica Neue, Arial, sans-serif",PingFang SC,0.0697,0.1942,2.7914,9.0418,9.4769,30.0535,48.8793,23,0,10000,14400,19,1024,,,,
font-before,Tree,True,600,0,78,"System Font, PingFang SC, Segoe UI, Helvetica Neue, Arial, sans-serif",PingFang SC,7.3431,11.6614,17.672,15.1177,21.6725,27.9834,36.1162,7,0,10000,72000,19,1024,,,,
font-before,Tree,True,600,1,86,"System Font, PingFang SC, Segoe UI, Helvetica Neue, Arial, sans-serif",PingFang SC,7.3691,8.9698,10.6359,15.1162,17.952,18.6715,21.4009,0,0,10000,72000,19,1024,,,,
font-after,List,False,3.5,0,70,"PingFang SC, Apple Color Emoji, Segoe UI, Helvetica Neue, Arial",PingFang SC,0.2527,0.7669,0.8825,8.8137,10.7769,18.4797,18.6912,0,0,10000,420,20,33,,,,
font-after,List,False,3.5,1,64,"PingFang SC, Apple Color Emoji, Segoe UI, Helvetica Neue, Arial",PingFang SC,0.178,0.3191,0.367,8.7996,8.946,28.5674,43.863,16,0,10000,420,19,33,,,,
font-after,List,False,120,0,63,"PingFang SC, Apple Color Emoji, Segoe UI, Helvetica Neue, Arial",PingFang SC,0.5698,1.0181,1.3015,8.9422,10.2878,28.823,33.6565,13,0,10000,14400,19,499,,,,
font-after,List,False,120,1,69,"PingFang SC, Apple Color Emoji, Segoe UI, Helvetica Neue, Arial",PingFang SC,0.0465,0.0728,6.7617,8.7996,9.8647,28.0342,29.8863,12,0,10000,14400,19,499,,,,
font-after,List,False,600,0,67,"PingFang SC, Apple Color Emoji, Segoe UI, Helvetica Neue, Arial",PingFang SC,0.9451,1.298,6.8151,8.8112,11.4955,27.4337,29.4431,10,0,10000,72000,19,1024,,,,
font-after,List,False,600,1,63,"PingFang SC, Apple Color Emoji, Segoe UI, Helvetica Neue, Arial",PingFang SC,0.9291,1.3211,7.6976,8.9361,30.538,29.1114,36.754,19,0,10000,72000,19,1024,,,,
font-after,List,True,3.5,0,66,"PingFang SC, Apple Color Emoji, Segoe UI, Helvetica Neue, Arial",PingFang SC,0.0578,0.3973,0.6814,17.6919,23.2992,38.8365,50.3461,20,1,10000,420,19,1024,,,,
font-after,List,True,3.5,1,62,"PingFang SC, Apple Color Emoji, Segoe UI, Helvetica Neue, Arial",PingFang SC,0.0625,0.1172,2.446,8.8154,8.875,27.6927,28.6473,17,0,10000,420,19,1024,,,,
font-after,List,True,120,0,63,"PingFang SC, Apple Color Emoji, Segoe UI, Helvetica Neue, Arial",PingFang SC,0.5593,1.079,1.2428,8.8277,14.4569,28.5442,31.0724,18,0,10000,14400,19,1024,,,,
font-after,List,True,120,1,65,"PingFang SC, Apple Color Emoji, Segoe UI, Helvetica Neue, Arial",PingFang SC,0.0663,0.113,0.1438,8.8389,9.2735,27.9337,28.85,9,0,10000,14400,19,1024,,,,
font-after,List,True,600,0,62,"PingFang SC, Apple Color Emoji, Segoe UI, Helvetica Neue, Arial",PingFang SC,0.8327,1.2685,11.0185,9.1428,18.1087,32.2918,45.4008,21,0,10000,72000,19,1024,,,,
font-after,List,True,600,1,71,"PingFang SC, Apple Color Emoji, Segoe UI, Helvetica Neue, Arial",PingFang SC,0.9823,1.3202,8.7836,8.8231,15.253,28.3613,29.931,8,0,10000,72000,19,1024,,,,
font-after,Grid,False,3.5,0,66,"PingFang SC, Apple Color Emoji, Segoe UI, Helvetica Neue, Arial",PingFang SC,0.0933,0.2536,1.039,8.8306,20.8361,25.6373,28.1428,4,0,10000,420,48,64,,,,
font-after,Grid,False,3.5,1,68,"PingFang SC, Apple Color Emoji, Segoe UI, Helvetica Neue, Arial",PingFang SC,0.1376,0.2172,3.3793,8.858,9.0443,26.6793,33.1854,10,0,10000,420,40,64,,,,
font-after,Grid,False,120,0,67,"PingFang SC, Apple Color Emoji, Segoe UI, Helvetica Neue, Arial",PingFang SC,0.8791,1.627,14.0354,8.8407,21.335,27.7837,44.5027,9,0,10000,14400,40,856,,,,
font-after,Grid,False,120,1,61,"PingFang SC, Apple Color Emoji, Segoe UI, Helvetica Neue, Arial",PingFang SC,0.0996,0.2396,0.2998,8.8386,8.8945,28.4502,42.4133,20,0,10000,14400,48,864,,,,
font-after,Grid,False,600,0,72,"PingFang SC, Apple Color Emoji, Segoe UI, Helvetica Neue, Arial",PingFang SC,1.8149,6.587,18.1132,9.414,21.9948,27.5656,29.4256,18,0,10000,72000,40,1024,,,,
font-after,Grid,False,600,1,66,"PingFang SC, Apple Color Emoji, Segoe UI, Helvetica Neue, Arial",PingFang SC,1.8141,6.5545,13.1228,9.2532,14.5489,27.9885,29.0908,20,0,10000,72000,40,1024,,,,
font-after,Grid,True,3.5,0,61,"PingFang SC, Apple Color Emoji, Segoe UI, Helvetica Neue, Arial",PingFang SC,0.0928,0.489,0.8105,36.9171,47.1186,65.2211,170.5164,21,5,10000,420,48,1024,,,,
font-after,Grid,True,3.5,1,68,"PingFang SC, Apple Color Emoji, Segoe UI, Helvetica Neue, Arial",PingFang SC,0.1089,0.2396,2.6088,8.8392,9.0609,26.7207,27.5457,11,0,10000,420,40,1024,,,,
font-after,Grid,True,120,0,69,"PingFang SC, Apple Color Emoji, Segoe UI, Helvetica Neue, Arial",PingFang SC,0.7495,1.5045,3.2655,8.882,14.0665,25.9665,27.1082,6,0,10000,14400,40,1024,,,,
font-after,Grid,True,120,1,58,"PingFang SC, Apple Color Emoji, Segoe UI, Helvetica Neue, Arial",PingFang SC,0.138,0.2812,0.7731,8.8522,11.2907,33.4874,36.1849,25,0,10000,14400,48,1024,,,,
font-after,Grid,True,600,0,65,"PingFang SC, Apple Color Emoji, Segoe UI, Helvetica Neue, Arial",PingFang SC,1.6409,2.5257,7.8308,10.0136,13.852,28.3845,33.2856,22,0,10000,72000,40,1024,,,,
font-after,Grid,True,600,1,73,"PingFang SC, Apple Color Emoji, Segoe UI, Helvetica Neue, Arial",PingFang SC,2.0526,8.5591,12.605,9.5866,19.3184,17.8404,18.6195,0,0,10000,72000,40,1024,,,,
font-after,Tree,False,3.5,0,63,"PingFang SC, Apple Color Emoji, Segoe UI, Helvetica Neue, Arial",PingFang SC,0.0952,0.415,0.5372,8.8323,8.9467,29.2137,36.6357,24,0,10000,420,19,33,,,,
font-after,Tree,False,3.5,1,62,"PingFang SC, Apple Color Emoji, Segoe UI, Helvetica Neue, Arial",PingFang SC,0.0719,0.1431,0.1872,8.821,9.2011,27.7222,28.867,14,0,10000,420,20,33,,,,
font-after,Tree,False,120,0,56,"PingFang SC, Apple Color Emoji, Segoe UI, Helvetica Neue, Arial",PingFang SC,0.4612,1.373,1.5497,8.9044,19.6289,35.6579,48.8874,26,0,10000,14400,19,490,,,,
font-after,Tree,False,120,1,62,"PingFang SC, Apple Color Emoji, Segoe UI, Helvetica Neue, Arial",PingFang SC,0.0594,0.1644,0.4608,8.816,9.495,28.7394,29.4321,18,0,10000,14400,19,499,,,,
font-after,Tree,False,600,0,62,"PingFang SC, Apple Color Emoji, Segoe UI, Helvetica Neue, Arial",PingFang SC,0.9049,1.4618,12.7095,8.888,13.2283,27.883,34.0861,22,0,10000,72000,19,1024,,,,
font-after,Tree,False,600,1,61,"PingFang SC, Apple Color Emoji, Segoe UI, Helvetica Neue, Arial",PingFang SC,1.0051,1.3557,7.0392,8.8125,11.3791,29.2155,36.7,18,0,10000,72000,19,1024,,,,
font-after,Tree,True,3.5,0,62,"PingFang SC, Apple Color Emoji, Segoe UI, Helvetica Neue, Arial",PingFang SC,0.1086,0.4137,0.558,8.8357,31.414,28.519,36.3341,17,0,10000,420,19,1024,,,,
font-after,Tree,True,3.5,1,69,"PingFang SC, Apple Color Emoji, Segoe UI, Helvetica Neue, Arial",PingFang SC,0.06,0.1277,0.2114,8.8302,25.4613,27.9515,29.4407,13,0,10000,420,20,1024,,,,
font-after,Tree,True,120,0,62,"PingFang SC, Apple Color Emoji, Segoe UI, Helvetica Neue, Arial",PingFang SC,0.6565,1.2082,20.3067,8.8162,20.3747,35.1369,42.615,15,0,10000,14400,19,1024,,,,
font-after,Tree,True,120,1,62,"PingFang SC, Apple Color Emoji, Segoe UI, Helvetica Neue, Arial",PingFang SC,0.0621,0.1609,0.2157,8.8178,10.5479,27.7762,29.0449,22,0,10000,14400,19,1024,,,,
font-after,Tree,True,600,0,63,"PingFang SC, Apple Color Emoji, Segoe UI, Helvetica Neue, Arial",PingFang SC,0.9048,1.2737,9.3995,8.8269,19.7052,29.8215,39.369,20,0,10000,72000,19,1024,,,,
font-after,Tree,True,600,1,62,"PingFang SC, Apple Color Emoji, Segoe UI, Helvetica Neue, Arial",PingFang SC,1.0384,1.6197,10.7868,8.8396,16.0643,28.6709,34.5185,16,0,10000,72000,19,1024,,,,
glass-before,List,False,3.5,0,59,"PingFang SC, Apple Color Emoji, Segoe UI, Helvetica Neue, Arial",PingFang SC,0.1693,0.7807,0.8636,9.0724,10.505,28.1509,124.1072,11,1,10000,420,20,33,19,19,20696320,19
glass-before,List,False,3.5,1,65,"PingFang SC, Apple Color Emoji, Segoe UI, Helvetica Neue, Arial",PingFang SC,0.1137,0.1747,1.3245,9.0577,9.0978,17.4422,17.7416,0,0,10000,420,19,33,16,16,17428480,16
glass-before,List,False,120,0,64,"PingFang SC, Apple Color Emoji, Segoe UI, Helvetica Neue, Arial",PingFang SC,0.4662,0.8779,7.2664,9.0897,15.1762,17.6442,20.9944,0,0,10000,14400,19,491,16,16,17428480,16
glass-before,List,False,120,1,65,"PingFang SC, Apple Color Emoji, Segoe UI, Helvetica Neue, Arial",PingFang SC,0.0656,0.1253,0.4594,9.0724,9.1096,17.2195,18.267,0,0,10000,14400,19,495,17,17,18517760,16
glass-before,List,False,600,0,64,"PingFang SC, Apple Color Emoji, Segoe UI, Helvetica Neue, Arial",PingFang SC,0.7504,1.1447,10.5249,9.0871,18.2265,27.2851,28.1843,5,0,10000,72000,19,1024,18,18,19607040,17
glass-before,List,False,600,1,60,"PingFang SC, Apple Color Emoji, Segoe UI, Helvetica Neue, Arial",PingFang SC,0.8756,1.24,8.6855,9.101,38.0785,27.3031,43.9211,16,0,10000,72000,19,1024,22,22,23964160,21
glass-before,List,True,3.5,0,62,"PingFang SC, Apple Color Emoji, Segoe UI, Helvetica Neue, Arial",PingFang SC,0.0614,0.475,0.9128,24.5599,43.3457,41.8946,82.3981,19,3,10000,420,19,1024,22,22,23964160,22
glass-before,List,True,3.5,1,62,"PingFang SC, Apple Color Emoji, Segoe UI, Helvetica Neue, Arial",PingFang SC,0.0722,0.1155,0.1668,9.0656,9.1558,27.1352,28.738,19,0,10000,420,19,1024,21,21,22874880,21
glass-before,List,True,120,0,60,"PingFang SC, Apple Color Emoji, Segoe UI, Helvetica Neue, Arial",PingFang SC,0.5891,1.0985,12.7169,9.0884,16.289,28.2465,34.7988,20,0,10000,14400,19,1024,21,21,22874880,21
glass-before,List,True,120,1,65,"PingFang SC, Apple Color Emoji, Segoe UI, Helvetica Neue, Arial",PingFang SC,0.0604,0.1191,0.1441,9.0591,9.7012,26.7759,28.5477,17,0,10000,14400,19,1024,21,21,22874880,20
glass-before,List,True,600,0,66,"PingFang SC, Apple Color Emoji, Segoe UI, Helvetica Neue, Arial",PingFang SC,1.027,1.3342,14.4166,9.1149,19.2501,17.2981,18.5212,0,0,10000,72000,19,1024,17,17,18517760,16
glass-before,List,True,600,1,66,"PingFang SC, Apple Color Emoji, Segoe UI, Helvetica Neue, Arial",PingFang SC,1.0757,1.362,8.9973,9.7409,17.4415,17.6089,21.1085,0,0,10000,72000,19,1024,17,17,18517760,17
glass-before,Grid,False,3.5,0,62,"PingFang SC, Apple Color Emoji, Segoe UI, Helvetica Neue, Arial",PingFang SC,0.1092,0.8947,10.4765,9.0783,11.5173,26.6296,28.4188,12,0,10000,420,48,64,20,20,21785600,19
glass-before,Grid,False,3.5,1,60,"PingFang SC, Apple Color Emoji, Segoe UI, Helvetica Neue, Arial",PingFang SC,0.1071,0.1914,0.2383,9.0781,9.1575,27.209,28.0849,11,0,10000,420,48,64,19,19,20696320,19
glass-before,Grid,False,120,0,59,"PingFang SC, Apple Color Emoji, Segoe UI, Helvetica Neue, Arial",PingFang SC,0.8964,1.7319,1.8592,9.1056,15.8713,27.4935,29.2578,20,0,10000,14400,40,856,22,22,23964160,21
glass-before,Grid,False,120,1,66,"PingFang SC, Apple Color Emoji, Segoe UI, Helvetica Neue, Arial",PingFang SC,0.1142,0.2155,4.8147,9.0842,9.3555,17.2697,23.0145,0,0,10000,14400,48,864,17,17,18517760,17
glass-before,Grid,False,600,0,59,"PingFang SC, Apple Color Emoji, Segoe UI, Helvetica Neue, Arial",PingFang SC,1.6346,5.9711,10.5202,9.1089,17.2445,28.0631,34.9499,21,0,10000,72000,40,1024,22,22,23964160,22
glass-before,Grid,False,600,1,67,"PingFang SC, Apple Color Emoji, Segoe UI, Helvetica Neue, Arial",PingFang SC,2.0546,9.4115,11.8182,10.6249,18.1525,17.2057,17.4674,0,0,10000,72000,40,1024,17,17,18517760,17
glass-before,Grid,True,3.5,0,59,"PingFang SC, Apple Color Emoji, Segoe UI, Helvetica Neue, Arial",PingFang SC,0.0914,0.6722,0.8139,45.0607,65.4707,92.989,132.5266,25,10,10000,420,40,1024,23,23,25053440,23
glass-before,Grid,True,3.5,1,66,"PingFang SC, Apple Color Emoji, Segoe UI, Helvetica Neue, Arial",PingFang SC,0.1193,0.1798,0.211,9.0802,10.6368,17.6558,18.4609,0,0,10000,420,40,1024,17,17,18517760,17
glass-before,Grid,True,120,0,60,"PingFang SC, Apple Color Emoji, Segoe UI, Helvetica Neue, Arial",PingFang SC,1.0293,1.7231,10.157,8.9714,16.0827,28.7587,35.1589,17,0,10000,14400,40,1024,21,21,22874880,21
glass-before,Grid,True,120,1,59,"PingFang SC, Apple Color Emoji, Segoe UI, Helvetica Neue, Arial",PingFang SC,0.109,0.2261,0.2663,9.0832,9.1829,27.508,28.4193,12,0,10000,14400,40,1024,19,19,20696320,19
glass-before,Grid,True,600,0,65,"PingFang SC, Apple Color Emoji, Segoe UI, Helvetica Neue, Arial",PingFang SC,1.8275,5.2232,15.5123,10.2635,17.535,17.4785,35.3945,3,0,10000,72000,40,1024,17,17,18517760,17
glass-before,Grid,True,600,1,64,"PingFang SC, Apple Color Emoji, Segoe UI, Helvetica Neue, Arial",PingFang SC,1.5746,2.6664,10.1389,9.3359,16.1504,27.9182,29.5658,15,0,10000,72000,40,1024,22,22,23964160,22
glass-before,Tree,False,3.5,0,62,"PingFang SC, Apple Color Emoji, Segoe UI, Helvetica Neue, Arial",PingFang SC,0.1103,0.5142,10.7346,9.0889,17.0998,27.6073,29.6905,19,0,10000,420,19,33,21,21,22874880,21
glass-before,Tree,False,3.5,1,65,"PingFang SC, Apple Color Emoji, Segoe UI, Helvetica Neue, Arial",PingFang SC,0.0895,0.1601,0.2196,9.083,9.1289,16.8322,17.3076,0,0,10000,420,19,33,16,16,17428480,16
glass-before,Tree,False,120,0,63,"PingFang SC, Apple Color Emoji, Segoe UI, Helvetica Neue, Arial",PingFang SC,0.5737,1.2477,12.1379,9.0653,16.7073,27.9564,29.7816,17,0,10000,14400,19,499,22,22,23964160,21
glass-before,Tree,False,120,1,64,"PingFang SC, Apple Color Emoji, Segoe UI, Helvetica Neue, Arial",PingFang SC,0.0692,0.1272,0.1416,9.0822,9.1457,17.371,17.7104,0,0,10000,14400,19,499,16,16,17428480,16
glass-before,Tree,False,600,0,59,"PingFang SC, Apple Color Emoji, Segoe UI, Helvetica Neue, Arial",PingFang SC,0.8757,1.2894,6.7014,9.0932,19.1725,28.4767,33.9935,21,0,10000,72000,19,1024,21,21,22874880,20
glass-before,Tree,False,600,1,66,"PingFang SC, Apple Color Emoji, Segoe UI, Helvetica Neue, Arial",PingFang SC,1.1105,1.332,8.5932,9.0948,11.868,17.0825,17.6624,0,0,10000,72000,19,1024,17,17,18517760,16
glass-before,Tree,True,3.5,0,64,"PingFang SC, Apple Color Emoji, Segoe UI, Helvetica Neue, Arial",PingFang SC,0.1123,0.4132,0.6659,9.0842,30.9229,18.6527,38.5623,1,0,10000,420,19,1024,17,17,18517760,16
glass-before,Tree,True,3.5,1,66,"PingFang SC, Apple Color Emoji, Segoe UI, Helvetica Neue, Arial",PingFang SC,0.0867,0.1666,3.3818,9.0712,9.1,17.0509,17.5049,0,0,10000,420,19,1024,16,16,17428480,16
glass-before,Tree,True,120,0,60,"PingFang SC, Apple Color Emoji, Segoe UI, Helvetica Neue, Arial",PingFang SC,0.5717,1.6369,7.1104,9.0835,13.4677,27.828,33.0592,20,0,10000,14400,19,1024,21,21,22874880,20
glass-before,Tree,True,120,1,65,"PingFang SC, Apple Color Emoji, Segoe UI, Helvetica Neue, Arial",PingFang SC,0.0787,0.149,0.2012,9.0839,15.4957,17.7294,23.3203,0,0,10000,14400,19,1024,17,17,18517760,17
glass-before,Tree,True,600,0,62,"PingFang SC, Apple Color Emoji, Segoe UI, Helvetica Neue, Arial",PingFang SC,0.9469,1.2986,12.9215,9.0895,20.3807,27.2459,34.1614,11,0,10000,72000,19,1024,20,20,21785600,19
glass-before,Tree,True,600,1,63,"PingFang SC, Apple Color Emoji, Segoe UI, Helvetica Neue, Arial",PingFang SC,1.0307,1.3373,8.4505,9.0902,10.8351,27.6502,28.3504,15,0,10000,72000,19,1024,20,20,21785600,20
final,List,False,3.5,0,65,"PingFang SC, Apple Color Emoji, Segoe UI, Helvetica Neue, Arial",PingFang SC,0.1372,0.5732,0.7215,9.0589,9.0897,16.8554,17.5617,0,0,10000,420,20,33,16,0,17428480,0
final,List,False,3.5,1,65,"PingFang SC, Apple Color Emoji, Segoe UI, Helvetica Neue, Arial",PingFang SC,0.0639,0.2059,2.194,9.0996,9.3462,17.2555,17.557,0,0,10000,420,19,33,16,0,17428480,0
final,List,False,120,0,65,"PingFang SC, Apple Color Emoji, Segoe UI, Helvetica Neue, Arial",PingFang SC,0.5319,0.8752,7.8635,9.0757,15.179,17.1319,17.4902,0,0,10000,14400,19,499,16,0,17428480,0
final,List,False,120,1,67,"PingFang SC, Apple Color Emoji, Segoe UI, Helvetica Neue, Arial",PingFang SC,0.1209,0.2153,0.2709,9.0888,18.0802,17.5359,17.5887,0,0,10000,14400,19,499,17,0,18517760,0
final,List,False,600,0,67,"PingFang SC, Apple Color Emoji, Segoe UI, Helvetica Neue, Arial",PingFang SC,1.2798,1.798,16.201,9.5626,17.8318,17.7077,25.3769,1,0,10000,72000,19,1024,17,0,18517760,0
final,List,False,600,1,66,"PingFang SC, Apple Color Emoji, Segoe UI, Helvetica Neue, Arial",PingFang SC,1.0336,1.7656,14.578,9.1102,19.5035,16.9391,17.3028,0,0,10000,72000,19,1024,16,0,17428480,0
final,List,True,3.5,0,77,"PingFang SC, Apple Color Emoji, Segoe UI, Helvetica Neue, Arial",PingFang SC,0.06,0.5032,0.656,25.6305,41.9607,32.9724,43.4474,16,0,10000,420,20,1024,23,0,25053440,0
final,List,True,3.5,1,66,"PingFang SC, Apple Color Emoji, Segoe UI, Helvetica Neue, Arial",PingFang SC,0.122,0.227,3.1264,9.1292,10.8943,17.3981,17.5951,0,0,10000,420,19,1024,17,0,18517760,0
final,List,True,120,0,66,"PingFang SC, Apple Color Emoji, Segoe UI, Helvetica Neue, Arial",PingFang SC,0.6701,0.9357,1.0707,9.0227,18.3386,17.016,17.6589,0,0,10000,14400,19,1024,16,0,17428480,0
final,List,True,120,1,66,"PingFang SC, Apple Color Emoji, Segoe UI, Helvetica Neue, Arial",PingFang SC,0.1125,0.1792,0.2315,9.1141,10.1743,17.5196,17.8321,0,0,10000,14400,19,1024,17,0,18517760,0
final,List,True,600,0,66,"PingFang SC, Apple Color Emoji, Segoe UI, Helvetica Neue, Arial",PingFang SC,0.9597,1.3298,8.1472,9.0957,31.8041,17.3292,28.3,1,0,10000,72000,19,1024,16,0,17428480,0
final,List,True,600,1,67,"PingFang SC, Apple Color Emoji, Segoe UI, Helvetica Neue, Arial",PingFang SC,1.5767,2.0946,24.4932,10.5111,29.5217,17.4856,33.1399,1,0,10000,72000,19,1024,17,0,18517760,0
final,Grid,False,3.5,0,65,"PingFang SC, Apple Color Emoji, Segoe UI, Helvetica Neue, Arial",PingFang SC,0.0965,0.735,10.8117,9.0928,17.488,16.9778,17.6322,0,0,10000,420,40,64,16,0,17428480,0
final,Grid,False,3.5,1,68,"PingFang SC, Apple Color Emoji, Segoe UI, Helvetica Neue, Arial",PingFang SC,0.1748,0.2657,2.9251,9.086,10.4454,17.473,17.6491,0,0,10000,420,40,64,17,0,18517760,0
final,Grid,False,120,0,68,"PingFang SC, Apple Color Emoji, Segoe UI, Helvetica Neue, Arial",PingFang SC,1.2715,2.498,13.7544,9.771,19.8792,17.2561,17.5245,0,0,10000,14400,48,864,17,0,18517760,0
final,Grid,False,120,1,66,"PingFang SC, Apple Color Emoji, Segoe UI, Helvetica Neue, Arial",PingFang SC,0.1855,0.29,0.3281,9.0953,25.2846,17.5799,34.1784,1,0,10000,14400,48,864,16,0,17428480,0
final,Grid,False,600,0,66,"PingFang SC, Apple Color Emoji, Segoe UI, Helvetica Neue, Arial",PingFang SC,1.9262,3.586,15.0072,9.6929,29.8283,17.1937,37.6334,1,0,10000,72000,40,1024,17,0,18517760,0
final,Grid,False,600,1,67,"PingFang SC, Apple Color Emoji, Segoe UI, Helvetica Neue, Arial",PingFang SC,2.2486,6.0517,14.3585,9.5273,22.872,17.9024,32.9737,1,0,10000,72000,40,1024,17,0,18517760,0
final,Grid,True,3.5,0,86,"PingFang SC, Apple Color Emoji, Segoe UI, Helvetica Neue, Arial",PingFang SC,0.12,0.4622,4.112,46.3131,71.3418,47.2245,131.2997,13,5,10000,420,40,1024,25,0,27232000,0
final,Grid,True,3.5,1,65,"PingFang SC, Apple Color Emoji, Segoe UI, Helvetica Neue, Arial",PingFang SC,0.1837,0.2888,0.339,9.101,10.1359,17.2562,17.6316,0,0,10000,420,48,1024,16,0,17428480,0
final,Grid,True,120,0,67,"PingFang SC, Apple Color Emoji, Segoe UI, Helvetica Neue, Arial",PingFang SC,1.3698,1.8835,25.8632,9.9447,30.554,17.5968,27.829,2,0,10000,14400,40,1024,17,0,18517760,0
final,Grid,True,120,1,66,"PingFang SC, Apple Color Emoji, Segoe UI, Helvetica Neue, Arial",PingFang SC,0.1696,0.2767,0.3406,9.1202,24.6855,17.283,21.6667,0,0,10000,14400,40,1024,16,0,17428480,0
final,Grid,True,600,0,67,"PingFang SC, Apple Color Emoji, Segoe UI, Helvetica Neue, Arial",PingFang SC,2.2606,7.0987,13.3331,10.8733,32.344,17.6748,30.379,1,0,10000,72000,40,1024,17,0,18517760,0
final,Grid,True,600,1,67,"PingFang SC, Apple Color Emoji, Segoe UI, Helvetica Neue, Arial",PingFang SC,2.3677,3.5887,13.8943,11.0675,18.0196,17.1967,22.5978,0,0,10000,72000,40,1024,17,0,18517760,0
final,Tree,False,3.5,0,66,"PingFang SC, Apple Color Emoji, Segoe UI, Helvetica Neue, Arial",PingFang SC,0.1557,0.6163,23.629,9.0867,30.3942,17.5143,32.9294,1,0,10000,420,19,33,17,0,18517760,0
final,Tree,False,3.5,1,66,"PingFang SC, Apple Color Emoji, Segoe UI, Helvetica Neue, Arial",PingFang SC,0.1307,0.2043,0.279,9.1079,9.7712,17.0798,17.4672,0,0,10000,420,19,33,16,0,17428480,0
final,Tree,False,120,0,66,"PingFang SC, Apple Color Emoji, Segoe UI, Helvetica Neue, Arial",PingFang SC,0.5922,0.8565,7.3252,9.0709,14.5012,17.3466,17.579,0,0,10000,14400,19,499,16,0,17428480,0
final,Tree,False,120,1,66,"PingFang SC, Apple Color Emoji, Segoe UI, Helvetica Neue, Arial",PingFang SC,0.1203,0.2079,0.2418,9.0962,25.1494,17.3557,32.7696,1,0,10000,14400,19,499,17,0,18517760,0
final,Tree,False,600,0,67,"PingFang SC, Apple Color Emoji, Segoe UI, Helvetica Neue, Arial",PingFang SC,1.4319,2.323,14.8209,9.67,20.9289,17.535,17.6654,0,0,10000,72000,19,1024,17,0,18517760,0
final,Tree,False,600,1,67,"PingFang SC, Apple Color Emoji, Segoe UI, Helvetica Neue, Arial",PingFang SC,1.6012,2.4099,8.0405,9.9999,32.1613,17.3898,33.3284,1,0,10000,72000,19,1024,17,0,18517760,0
final,Tree,True,3.5,0,66,"PingFang SC, Apple Color Emoji, Segoe UI, Helvetica Neue, Arial",PingFang SC,0.1323,0.6075,0.7433,9.0747,9.2254,17.6768,23.222,0,0,10000,420,19,1024,16,0,17428480,0
final,Tree,True,3.5,1,66,"PingFang SC, Apple Color Emoji, Segoe UI, Helvetica Neue, Arial",PingFang SC,0.1375,0.2087,5.2549,9.1008,9.1388,17.2525,17.751,0,0,10000,420,20,1024,16,0,17428480,0
final,Tree,True,120,0,66,"PingFang SC, Apple Color Emoji, Segoe UI, Helvetica Neue, Arial",PingFang SC,0.7858,1.3087,19.4882,9.102,27.1678,17.3878,20.536,0,0,10000,14400,19,1024,17,0,18517760,0
final,Tree,True,120,1,66,"PingFang SC, Apple Color Emoji, Segoe UI, Helvetica Neue, Arial",PingFang SC,0.1242,0.1843,0.2165,9.1264,15.1738,17.1739,17.6419,0,0,10000,14400,19,1024,16,0,17428480,0
final,Tree,True,600,0,66,"PingFang SC, Apple Color Emoji, Segoe UI, Helvetica Neue, Arial",PingFang SC,1.0453,1.5948,10.7332,9.2487,30.8762,18.0358,29.2578,2,0,10000,72000,19,1024,18,0,19607040,0
final,Tree,True,600,1,70,"PingFang SC, Apple Color Emoji, Segoe UI, Helvetica Neue, Arial",PingFang SC,1.5199,3.2872,19.4058,9.3087,25.566,17.5527,20.5877,0,0,10000,72000,19,1024,18,0,19607040,0
